Model,Prompt,negative,neutral,positive
Mixtral,1,33.533533533533536,52.45245245245245,14.014014014014014
Mixtral,2,39.23923923923924,42.24224224224224,18.51851851851852
Mixtral,3,32.33233233233233,63.86386386386387,3.8038038038038042
Mixtral,4,23.423423423423422,70.47047047047047,6.106106106106106
Mixtral,5,17.917917917917915,76.37637637637637,5.7057057057057055
Mixtral,6,20.42042042042042,76.47647647647648,3.1031031031031033
Mixtral,7,20.02002002002002,72.27227227227228,7.707707707707708
Mixtral,8,17.417417417417415,70.27027027027027,12.312312312312311
