Model,Prompt,negative,neutral,positive
Mistral,1,16.967509025270758,68.59205776173285,14.440433212996389
Mistral,2,16.60649819494585,68.59205776173285,14.801444043321299
Mistral,3,22.382671480144403,62.454873646209386,15.162454873646208
Mistral,4,27.79783393501805,56.317689530685925,15.884476534296029
Mistral,5,29.96389891696751,53.79061371841155,16.24548736462094
Mistral,6,28.158844765342963,56.317689530685925,15.523465703971121
Mistral,7,21.660649819494584,54.151624548736464,24.187725631768952
Mistral,8,23.826714801444044,59.92779783393502,16.24548736462094
