Model,Prompt,Negative (partial agreement),Neutral (partial agreement),Positive (partial agreement),Negative (full agreement),Neutral (full agreement),Positive (full agreement)
Mistral,0,23.523523523523522,62.66266266266266,13.813813813813812,16.967509025270758,68.59205776173285,14.440433212996389
Mistral,1,21.12112112112112,65.96596596596596,12.912912912912914,16.60649819494585,68.59205776173285,14.801444043321299
Mistral,3,26.726726726726728,59.85985985985987,13.413413413413414,22.382671480144403,62.454873646209386,15.162454873646208
Mistral,4,32.732732732732735,50.750750750750754,16.516516516516518,27.79783393501805,56.317689530685925,15.884476534296029
Mistral,5,35.03503503503504,48.548548548548546,16.416416416416414,29.96389891696751,53.79061371841155,16.24548736462094
Mistral,6,33.233233233233236,51.751751751751755,15.015015015015015,28.158844765342963,56.317689530685925,15.523465703971121
Mistral,7,25.925925925925924,47.44744744744745,26.626626626626624,21.660649819494584,54.151624548736464,24.187725631768952
Mistral,8,28.128128128128125,54.75475475475476,17.117117117117118,23.826714801444044,59.92779783393502,16.24548736462094
