Model,Prompt,negative,neutral,positive
Llama3 (8B),1,22.57257257257257,40.99099099099099,36.43643643643644
Llama3 (8B),2,32.74111675126903,53.502538071065985,13.756345177664976
Llama3 (8B),3,48.248248248248245,41.64164164164164,10.11011011011011
Llama3 (8B),4,40.69069069069069,23.773773773773772,35.53553553553554
Llama3 (8B),5,37.08708708708709,14.964964964964967,47.94794794794795
Llama3 (8B),6,46.74674674674675,17.117117117117118,36.13613613613614
Llama3 (8B),7,36.08608608608609,16.816816816816818,47.0970970970971
Llama3 (8B),8,45.24524524524524,43.04304304304304,11.711711711711711
