Model,Prompt,Negative (partial agreement),Neutral (partial agreement),Positive (partial agreement),Negative (full agreement),Neutral (full agreement),Positive (full agreement)
Llama3 (8B),1,22.57257257257257,40.99099099099099,36.43643643643644,19.424460431654676,38.84892086330935,41.726618705035975
Llama3 (8B),2,32.74111675126903,53.502538071065985,13.756345177664976,26.04735883424408,61.20218579234973,12.750455373406194
Llama3 (8B),3,48.248248248248245,41.64164164164164,10.11011011011011,47.56756756756757,40.72072072072072,11.711711711711711
Llama3 (8B),4,40.69069069069069,23.773773773773772,35.53553553553554,39.27927927927928,29.009009009009006,31.71171171171171
Llama3 (8B),5,37.08708708708709,14.964964964964967,47.94794794794795,34.234234234234236,16.576576576576578,49.18918918918919
Llama3 (8B),6,46.74674674674675,17.117117117117118,36.13613613613614,44.5045045045045,16.936936936936934,38.55855855855856
Llama3 (8B),7,36.08608608608609,16.816816816816818,47.0970970970971,35.85585585585586,18.73873873873874,45.40540540540541
Llama3 (8B),8,45.24524524524524,43.04304304304304,11.711711711711711,43.06306306306306,45.22522522522522,11.711711711711711
