Model,Prompt,negative,neutral,positive
Mistral,0,23.523523523523522,62.66266266266266,13.813813813813812
Mistral,1,21.12112112112112,65.96596596596596,12.912912912912914
Mistral,3,26.726726726726728,59.85985985985987,13.413413413413414
Mistral,4,32.732732732732735,50.750750750750754,16.516516516516518
Mistral,5,35.03503503503504,48.548548548548546,16.416416416416414
Mistral,6,33.233233233233236,51.751751751751755,15.015015015015015
Mistral,7,25.925925925925924,47.44744744744745,26.626626626626624
Mistral,8,28.128128128128125,54.75475475475476,17.117117117117118
