Model,Prompt,negative,neutral,positive
Llama3 (70B),1,32.851985559566785,40.794223826714806,26.353790613718413
Llama3 (70B),2,22.382671480144403,58.12274368231047,19.494584837545126
Llama3 (70B),3,20.577617328519857,67.14801444043322,12.274368231046932
Llama3 (70B),4,16.60649819494585,70.3971119133574,12.996389891696749
Llama3 (70B),5,20.938628158844764,67.50902527075813,11.552346570397113
Llama3 (70B),6,19.855595667870034,68.23104693140795,11.913357400722022
Llama3 (70B),7,20.938628158844764,62.8158844765343,16.24548736462094
Llama3 (70B),8,14.801444043321299,66.4259927797834,18.772563176895307
