Model,Prompt,negative,neutral,positive
Mixtral,0,27.075812274368232,59.56678700361011,13.357400722021662
Mixtral,1,35.018050541516246,48.014440433213,16.967509025270758
Mixtral,3,26.353790613718413,66.78700361010831,6.859205776173286
Mixtral,4,16.60649819494585,75.09025270758123,8.303249097472925
Mixtral,5,11.552346570397113,80.50541516245488,7.9422382671480145
Mixtral,6,14.079422382671481,79.42238267148014,6.4981949458483745
