Model,Prompt,Negative (partial agreement),Neutral (partial agreement),Positive (partial agreement),Negative (full agreement),Neutral (full agreement),Positive (full agreement)
Mistral (8x7B),1,33.696729435084244,52.32903865213082,13.974231912784935,26.978417266187048,59.352517985611506,13.66906474820144
Mistral (8x7B),2,39.23923923923924,42.24224224224224,18.51851851851852,35.018050541516246,48.014440433213,16.967509025270758
Mistral (8x7B),3,32.33233233233233,63.86386386386387,3.8038038038038042,26.353790613718413,66.78700361010831,6.859205776173286
Mistral (8x7B),4,23.423423423423422,70.47047047047047,6.106106106106106,16.60649819494585,75.09025270758123,8.303249097472925
Mistral (8x7B),5,17.917917917917915,76.37637637637637,5.7057057057057055,11.552346570397113,80.50541516245488,7.9422382671480145
Mistral (8x7B),6,20.42042042042042,76.47647647647648,3.1031031031031033,14.079422382671481,79.42238267148014,6.4981949458483745
Mistral (8x7B),7,20.02002002002002,72.27227227227228,7.707707707707708,14.440433212996389,76.53429602888086,9.025270758122744
Mistral (8x7B),8,17.417417417417415,70.27027027027027,12.312312312312311,12.996389891696749,74.36823104693141,12.63537906137184
