Model,Prompt,negative,neutral,positive
Mistral (8x7B),1,26.978417266187048,59.352517985611506,13.66906474820144
Mistral (8x7B),2,35.018050541516246,48.014440433213,16.967509025270758
Mistral (8x7B),3,26.353790613718413,66.78700361010831,6.859205776173286
Mistral (8x7B),4,16.60649819494585,75.09025270758123,8.303249097472925
Mistral (8x7B),5,11.552346570397113,80.50541516245488,7.9422382671480145
Mistral (8x7B),6,14.079422382671481,79.42238267148014,6.4981949458483745
Mistral (8x7B),7,14.440433212996389,76.53429602888086,9.025270758122744
Mistral (8x7B),8,12.996389891696749,74.36823104693141,12.63537906137184
