Model,Prompt,Negative (partial agreement),Neutral (partial agreement),Positive (partial agreement),Negative (full agreement),Neutral (full agreement),Positive (full agreement)
Llama3 (70B),1,35.73573573573574,29.32932932932933,34.93493493493494,32.851985559566785,40.794223826714806,26.353790613718413
Llama3 (70B),2,26.926926926926924,46.74674674674675,26.326326326326328,22.382671480144403,58.12274368231047,19.494584837545126
Llama3 (70B),3,26.826826826826828,61.36136136136137,11.811811811811811,20.577617328519857,67.14801444043322,12.274368231046932
Llama3 (70B),4,24.424424424424423,62.06206206206206,13.513513513513514,16.60649819494585,70.3971119133574,12.996389891696749
Llama3 (70B),5,24.124124124124123,64.76476476476476,11.11111111111111,20.938628158844764,67.50902527075813,11.552346570397113
Llama3 (70B),6,25.625625625625624,62.56256256256256,11.811811811811811,19.855595667870034,68.23104693140795,11.913357400722022
Llama3 (70B),7,24.924924924924923,55.95595595595596,19.11911911911912,20.938628158844764,62.8158844765343,16.24548736462094
Llama3 (70B),8,18.61861861861862,59.75975975975976,21.62162162162162,14.801444043321299,66.4259927797834,18.772563176895307
