Model,Prompt,negative,neutral,positive
Llama3 (8B),1,19.424460431654676,38.84892086330935,41.726618705035975
Llama3 (8B),2,26.04735883424408,61.20218579234973,12.750455373406194
Llama3 (8B),3,47.56756756756757,40.72072072072072,11.711711711711711
Llama3 (8B),4,39.27927927927928,29.009009009009006,31.71171171171171
Llama3 (8B),5,34.234234234234236,16.576576576576578,49.18918918918919
Llama3 (8B),6,44.5045045045045,16.936936936936934,38.55855855855856
Llama3 (8B),7,35.85585585585586,18.73873873873874,45.40540540540541
Llama3 (8B),8,43.06306306306306,45.22522522522522,11.711711711711711
