Model,Prompt,negative,neutral,positive
Llama3 (70B),1,35.73573573573574,29.32932932932933,34.93493493493494
Llama3 (70B),2,26.926926926926924,46.74674674674675,26.326326326326328
Llama3 (70B),3,26.826826826826828,61.36136136136137,11.811811811811811
Llama3 (70B),4,24.424424424424423,62.06206206206206,13.513513513513514
Llama3 (70B),5,24.124124124124123,64.76476476476476,11.11111111111111
Llama3 (70B),6,25.625625625625624,62.56256256256256,11.811811811811811
Llama3 (70B),7,24.924924924924923,55.95595595595596,19.11911911911912
Llama3 (70B),8,18.61861861861862,59.75975975975976,21.62162162162162
